{
  "true_params": {
    "G0": 2000,
    "G_inf": 4000,
    "tau_sigma": 0.005,
    "eta": 20.0
  },
  "tests": [
    {
      "label": "Clean_Full",
      "snr_db": null,
      "mask_ratio": 0.0,
      "mask_method": "none",
      "n_points": 9,
      "least_squares": {
        "G0": 100.00201019993592,
        "G_inf": 5184.317311719093,
        "tau_sigma": 0.0009199659513648236,
        "eta": 4.76939540785278,
        "sigma_G0": 77.39593607617452,
        "sigma_G_inf": 2328.5688715439533,
        "sigma_tau": 0.00030978658878630123,
        "rmse": 0.09729473876787507,
        "success": 1.0,
        "nfev": 8.0,
        "G0_pct": 94.9998994900032,
        "G_inf_pct": 29.607932792977316,
        "tau_sigma_pct": 81.60068097270351,
        "eta_pct": 76.1530229607361
      },
      "bayesian": {
        "G0": 134.97078085934155,
        "G_inf": 3547.2128948617246,
        "tau_sigma": 0.0012327147348719684,
        "eta": 4.336786227958566,
        "sigma_G0": 28.28253234415265,
        "sigma_G_inf": 342.8642618637504,
        "sigma_tau": 0.00011243095452766652,
        "sigma_eta": 0.14872257015128595,
        "ci_95_G0": [
          100.41791893679752,
          202.26534265195772
        ],
        "ci_95_G_inf": [
          2896.0201782634867,
          4337.114129883795
        ],
        "ci_95_tau": [
          0.0010354705529867527,
          0.001437854826156261
        ],
        "ci_95_eta": [
          4.029002618568335,
          4.6155650247319215
        ],
        "rmse": 0.08428934043741856,
        "success": 1.0,
        "acceptance_rate": 0.1518,
        "n_samples": 801.0,
        "G0_pct": 93.25146095703292,
        "G_inf_pct": 11.319677628456883,
        "tau_sigma_pct": 75.34570530256065,
        "eta_pct": 78.31606886020717
      }
    },
    {
      "label": "SNR30_Full",
      "snr_db": 30.0,
      "mask_ratio": 0.0,
      "mask_method": "none",
      "n_points": 8,
      "least_squares": {
        "G0": 100.00007941012184,
        "G_inf": 4709.5944537187115,
        "tau_sigma": 0.0009529703857130039,
        "eta": 4.488104043112144,
        "sigma_G0": 71.23869569139279,
        "sigma_G_inf": 1854.7411491508292,
        "sigma_tau": 0.00028949772616251683,
        "rmse": 0.07127765755020403,
        "success": 1.0,
        "nfev": 11.0,
        "G0_pct": 94.99999602949391,
        "G_inf_pct": 17.73986134296779,
        "tau_sigma_pct": 80.94059228573992,
        "eta_pct": 77.55947978443928
      },
      "bayesian": {
        "G0": 139.9688761582006,
        "G_inf": 3460.356567569693,
        "tau_sigma": 0.0011991540458498057,
        "eta": 4.121081824907387,
        "sigma_G0": 32.26948428184504,
        "sigma_G_inf": 316.89073226904907,
        "sigma_tau": 9.959005971468045e-05,
        "sigma_eta": 0.15128960038062392,
        "ci_95_G0": [
          102.82686072071924,
          225.8882224647808
        ],
        "ci_95_G_inf": [
          2974.454253119883,
          4336.068449375932
        ],
        "ci_95_tau": [
          0.000967307517374361,
          0.0013867711881545772
        ],
        "ci_95_eta": [
          3.816334294078044,
          4.395569256510351
        ],
        "rmse": 0.06451691239374654,
        "success": 1.0,
        "acceptance_rate": 0.1704,
        "n_samples": 801.0,
        "G0_pct": 93.00155619208998,
        "G_inf_pct": 13.491085810757669,
        "tau_sigma_pct": 76.01691908300388,
        "eta_pct": 79.39459087546307
      }
    },
    {
      "label": "SNR20_Full",
      "snr_db": 20.0,
      "mask_ratio": 0.0,
      "mask_method": "none",
      "n_points": 9,
      "least_squares": {
        "G0": 100.00000000000031,
        "G_inf": 4881.104722753951,
        "tau_sigma": 0.0009401931425241736,
        "eta": 4.589181188275623,
        "sigma_G0": 65.16276150684162,
        "sigma_G_inf": 1822.652982353125,
        "sigma_tau": 0.0002667803236324008,
        "rmse": 0.07323403633288496,
        "success": 1.0,
        "nfev": 10.0,
        "G0_pct": 94.99999999999999,
        "G_inf_pct": 22.027618068848778,
        "tau_sigma_pct": 81.19613714951652,
        "eta_pct": 77.05409405862189
      },
      "bayesian": {
        "G0": 132.89158753949127,
        "G_inf": 3333.684015362699,
        "tau_sigma": 0.0012606788783864232,
        "eta": 4.184886614968851,
        "sigma_G0": 28.205482882433696,
        "sigma_G_inf": 237.37545167838468,
        "sigma_tau": 8.450254867545555e-05,
        "sigma_eta": 0.13520474740542693,
        "ci_95_G0": [
          101.40977526646861,
          199.97788993682985
        ],
        "ci_95_G_inf": [
          2916.9005290702444,
          3782.156086797159
        ],
        "ci_95_tau": [
          0.0011005608439288652,
          0.0014312726064313963
        ],
        "ci_95_eta": [
          3.912616949653367,
          4.432939707839429
        ],
        "rmse": 0.06370270283805025,
        "success": 1.0,
        "acceptance_rate": 0.1454,
        "n_samples": 801.0,
        "G0_pct": 93.35542062302544,
        "G_inf_pct": 16.657899615932525,
        "tau_sigma_pct": 74.78642243227154,
        "eta_pct": 79.07556692515575
      }
    },
    {
      "label": "SNR10_Full",
      "snr_db": 10.0,
      "mask_ratio": 0.0,
      "mask_method": "none",
      "n_points": 9,
      "least_squares": {
        "G0": 100.00000000006159,
        "G_inf": 3195.1833841065886,
        "tau_sigma": 0.001363764157910324,
        "eta": 4.3574765771951816,
        "sigma_G0": 197.02841151088717,
        "sigma_G_inf": 1698.0712680628974,
        "sigma_tau": 0.0007177634527184702,
        "rmse": 0.11107511346573322,
        "success": 1.0,
        "nfev": 10.0,
        "G0_pct": 94.99999999999692,
        "G_inf_pct": 20.120415397335282,
        "tau_sigma_pct": 72.72471684179352,
        "eta_pct": 78.21261711402408
      },
      "bayesian": {
        "G0": 254.82644600258703,
        "G_inf": 4331.829010048202,
        "tau_sigma": 0.001010628636171537,
        "eta": 4.203528709840816,
        "sigma_G0": 72.00703199165575,
        "sigma_G_inf": 950.8464645210378,
        "sigma_tau": 0.00019073696120521972,
        "sigma_eta": 0.20041063611389412,
        "ci_95_G0": [
          126.48686808014274,
          402.32355946752307
        ],
        "ci_95_G_inf": [
          3198.668151583973,
          5999.782137533926
        ],
        "ci_95_tau": [
          0.0007127473454005776,
          0.0013061845582122214
        ],
        "ci_95_eta": [
          3.840202125936534,
          4.58172421240845
        ],
        "rmse": 0.11505117715993923,
        "success": 1.0,
        "acceptance_rate": 0.1916,
        "n_samples": 801.0,
        "G0_pct": 87.25867769987065,
        "G_inf_pct": 8.295725251205043,
        "tau_sigma_pct": 79.78742727656926,
        "eta_pct": 78.98235645079592
      }
    },
    {
      "label": "SNR5_Full",
      "snr_db": 5.0,
      "mask_ratio": 0.0,
      "mask_method": "none",
      "n_points": 8,
      "least_squares": {
        "G0": 1788.5849868821497,
        "G_inf": 1798.1091710545766,
        "tau_sigma": 0.000102188508173123,
        "eta": 0.18374609372247802,
        "sigma_G0": 899.0924544891561,
        "sigma_G_inf": 40988467.823967166,
        "sigma_tau": 222.376071723919,
        "rmse": 0.3240644226252938,
        "success": 1.0,
        "nfev": 13.0,
        "G0_pct": 10.570750655892516,
        "G_inf_pct": 55.04727072363559,
        "tau_sigma_pct": 97.95622983653755,
        "eta_pct": 99.0812695313876
      },
      "bayesian": {
        "G0": 1462.2755403046074,
        "G_inf": 3356.3721214700763,
        "tau_sigma": 0.000721152526340962,
        "eta": 2.185480974278117,
        "sigma_G0": 87.09404993013915,
        "sigma_G_inf": 1002.574926723042,
        "sigma_tau": 0.0003144997412133781,
        "sigma_eta": 0.4429754322231736,
        "ci_95_G0": [
          1281.4835632962238,
          1640.8691774638726
        ],